id_solicitante,inadimplente
20001,0
20002,0
20003,0
20004,1
20005,1
20006,1
20007,1
20008,1
20009,1
20010,1
20011,1
20012,1
20013,1
20014,1
20015,0
20016,1
20017,1
20018,1
20019,1
20020,1
20021,1
20022,0
20023,1
20024,1
20025,0
20026,0
20027,1
20028,1
20029,0
20030,1
20031,1
20032,0
20033,0
20034,1
20035,1
20036,1
20037,0
20038,0
20039,0
20040,1
20041,1
20042,0
20043,1
20044,1
20045,1
20046,1
20047,1
20048,1
20049,0
20050,1
20051,0
20052,1
20053,1
20054,1
20055,0
20056,1
20057,1
20058,1
20059,1
20060,1
20061,1
20062,0
20063,0
20064,1
20065,1
20066,0
20067,1
20068,0
20069,1
20070,1
20071,0
20072,0
20073,1
20074,0
20075,0
20076,1
20077,1
20078,1
20079,0
20080,0
20081,1
20082,1
20083,0
20084,1
20085,0
20086,0
20087,1
20088,0
20089,0
20090,0
20091,1
20092,1
20093,0
20094,1
20095,1
20096,1
20097,1
20098,0
20099,1
20100,1
20101,0
20102,1
20103,0
20104,1
20105,1
20106,0
20107,0
20108,1
20109,0
20110,1
20111,1
20112,1
20113,1
20114,1
20115,1
20116,1
20117,1
20118,1
20119,0
20120,0
20121,1
20122,1
20123,1
20124,0
20125,1
20126,1
20127,1
20128,0
20129,1
20130,1
20131,0
20132,0
20133,0
20134,1
20135,1
20136,0
20137,1
20138,1
20139,1
20140,1
20141,0
20142,1
20143,0
20144,0
20145,0
20146,0
20147,1
20148,1
20149,0
20150,1
20151,0
20152,0
20153,0
20154,0
20155,1
20156,0
20157,0
20158,1
20159,1
20160,1
20161,1
20162,0
20163,1
20164,1
20165,1
20166,1
20167,1
20168,1
20169,1
20170,1
20171,1
20172,1
20173,1
20174,1
20175,1
20176,1
20177,1
20178,1
20179,1
20180,1
20181,0
20182,1
20183,0
20184,1
20185,1
20186,1
20187,0
20188,1
20189,1
20190,1
20191,0
20192,0
20193,1
20194,0
20195,1
20196,1
20197,1
20198,1
20199,0
20200,1
20201,0
20202,1
20203,1
20204,1
20205,1
20206,1
20207,0
20208,1
20209,1
20210,0
20211,0
20212,0
20213,1
20214,1
20215,1
20216,1
20217,0
20218,0
20219,1
20220,1
20221,0
20222,0
20223,1
20224,0
20225,1
20226,1
20227,1
20228,1
20229,1
20230,0
20231,1
20232,1
20233,1
20234,0
20235,0
20236,0
20237,0
20238,0
20239,0
20240,0
20241,1
20242,0
20243,0
20244,1
20245,0
20246,1
20247,0
20248,1
20249,0
20250,0
20251,1
20252,1
20253,1
20254,1
20255,1
20256,1
20257,0
20258,0
20259,1
20260,1
20261,1
20262,1
20263,1
20264,0
20265,1
20266,0
20267,0
20268,0
20269,0
20270,1
20271,0
20272,1
20273,1
20274,1
20275,0
20276,0
20277,0
20278,1
20279,1
20280,1
20281,1
20282,0
20283,1
20284,1
20285,0
20286,1
20287,0
20288,0
20289,1
20290,0
20291,1
20292,0
20293,1
20294,1
20295,1
20296,1
20297,0
20298,1
20299,1
20300,1
20301,1
20302,1
20303,0
20304,0
20305,0
20306,1
20307,1
20308,1
20309,1
20310,1
20311,1
20312,1
20313,1
20314,1
20315,0
20316,0
20317,1
20318,0
20319,1
20320,1
20321,1
20322,1
20323,1
20324,0
20325,0
20326,1
20327,1
20328,1
20329,1
20330,0
20331,1
20332,1
20333,0
20334,1
20335,1
20336,0
20337,1
20338,0
20339,1
20340,0
20341,1
20342,0
20343,0
20344,1
20345,1
20346,0
20347,1
20348,1
20349,1
20350,1
20351,1
20352,1
20353,0
20354,0
20355,0
20356,0
20357,0
20358,1
20359,0
20360,1
20361,1
20362,0
20363,0
20364,1
20365,0
20366,1
20367,0
20368,1
20369,0
20370,1
20371,0
20372,1
20373,0
20374,1
20375,0
20376,0
20377,1
20378,1
20379,1
20380,1
20381,1
20382,1
20383,1
20384,1
20385,1
20386,1
20387,1
20388,0
20389,0
20390,1
20391,1
20392,0
20393,0
20394,1
20395,1
20396,0
20397,1
20398,0
20399,1
20400,1
20401,1
20402,0
20403,1
20404,0
20405,1
20406,1
20407,1
20408,1
20409,0
20410,1
20411,1
20412,1
20413,1
20414,1
20415,0
20416,1
20417,1
20418,1
20419,1
20420,1
20421,1
20422,1
20423,1
20424,0
20425,1
20426,0
20427,1
20428,0
20429,1
20430,1
20431,1
20432,0
20433,1
20434,1
20435,1
20436,0
20437,1
20438,1
20439,1
20440,1
20441,0
20442,1
20443,0
20444,0
20445,1
20446,0
20447,1
20448,0
20449,1
20450,1
20451,1
20452,0
20453,1
20454,1
20455,1
20456,0
20457,1
20458,0
20459,0
20460,1
20461,0
20462,1
20463,1
20464,1
20465,0
20466,1
20467,1
20468,1
20469,0
20470,1
20471,0
20472,0
20473,1
20474,1
20475,1
20476,0
20477,0
20478,1
20479,0
20480,1
20481,0
20482,1
20483,1
20484,1
20485,0
20486,0
20487,1
20488,1
20489,0
20490,0
20491,1
20492,1
20493,0
20494,1
20495,1
20496,0
20497,1
20498,1
20499,0
20500,1
20501,0
20502,1
20503,1
20504,1
20505,1
20506,0
20507,1
20508,0
20509,0
20510,1
20511,0
20512,0
20513,1
20514,0
20515,1
20516,1
20517,1
20518,1
20519,1
20520,1
20521,1
20522,1
20523,1
20524,1
20525,1
20526,1
20527,1
20528,1
20529,1
20530,0
20531,1
20532,0
20533,0
20534,1
20535,1
20536,0
20537,1
20538,1
20539,0
20540,1
20541,1
20542,1
20543,1
20544,1
20545,1
20546,0
20547,1
20548,0
20549,1
20550,1
20551,0
20552,1
20553,1
20554,1
20555,1
20556,1
20557,0
20558,0
20559,1
20560,1
20561,1
20562,1
20563,0
20564,0
20565,0
20566,1
20567,1
20568,0
20569,1
20570,0
20571,0
20572,1
20573,1
20574,0
20575,1
20576,0
20577,1
20578,0
20579,1
20580,1
20581,1
20582,1
20583,0
20584,1
20585,1
20586,1
20587,1
20588,1
20589,1
20590,1
20591,1
20592,0
20593,0
20594,1
20595,0
20596,1
20597,1
20598,1
20599,1
20600,1
20601,1
20602,1
20603,1
20604,1
20605,1
20606,1
20607,1
20608,1
20609,0
20610,1
20611,1
20612,1
20613,1
20614,1
20615,1
20616,0
20617,0
20618,1
20619,1
20620,1
20621,1
20622,1
20623,1
20624,1
20625,0
20626,0
20627,1
20628,1
20629,1
20630,0
20631,1
20632,0
20633,1
20634,1
20635,0
20636,1
20637,1
20638,0
20639,1
20640,0
20641,0
20642,1
20643,1
20644,1
20645,1
20646,0
20647,1
20648,0
20649,1
20650,0
20651,0
20652,0
20653,0
20654,0
20655,1
20656,1
20657,1
20658,1
20659,1
20660,1
20661,1
20662,0
20663,1
20664,1
20665,0
20666,0
20667,1
20668,1
20669,1
20670,1
20671,0
20672,1
20673,0
20674,1
20675,0
20676,1
20677,1
20678,0
20679,1
20680,1
20681,0
20682,1
20683,0
20684,0
20685,1
20686,1
20687,1
20688,1
20689,0
20690,1
20691,1
20692,0
20693,0
20694,1
20695,0
20696,1
20697,1
20698,0
20699,1
20700,0
20701,1
20702,1
20703,1
20704,0
20705,1
20706,1
20707,1
20708,1
20709,1
20710,0
20711,1
20712,1
20713,1
20714,1
20715,1
20716,0
20717,1
20718,1
20719,1
20720,1
20721,0
20722,1
20723,1
20724,1
20725,1
20726,0
20727,1
20728,1
20729,1
20730,1
20731,0
20732,1
20733,1
20734,1
20735,1
20736,1
20737,0
20738,1
20739,1
20740,1
20741,1
20742,1
20743,1
20744,1
20745,1
20746,1
20747,1
20748,0
20749,1
20750,0
20751,1
20752,1
20753,1
20754,1
20755,1
20756,1
20757,1
20758,1
20759,1
20760,1
20761,1
20762,1
20763,1
20764,1
20765,0
20766,0
20767,0
20768,1
20769,1
20770,0
20771,0
20772,1
20773,1
20774,0
20775,1
20776,1
20777,1
20778,1
20779,0
20780,1
20781,1
20782,1
20783,0
20784,1
20785,1
20786,1
20787,1
20788,1
20789,0
20790,0
20791,0
20792,0
20793,1
20794,0
20795,1
20796,0
20797,0
20798,1
20799,1
20800,1
20801,0
20802,1
20803,1
20804,0
20805,1
20806,0
20807,1
20808,0
20809,1
20810,0
20811,1
20812,1
20813,0
20814,1
20815,1
20816,1
20817,1
20818,0
20819,1
20820,1
20821,1
20822,1
20823,0
20824,1
20825,0
20826,1
20827,1
20828,1
20829,1
20830,1
20831,1
20832,1
20833,1
20834,0
20835,0
20836,0
20837,1
20838,0
20839,1
20840,1
20841,1
20842,1
20843,1
20844,0
20845,0
20846,1
20847,0
20848,1
20849,1
20850,0
20851,0
20852,1
20853,0
20854,0
20855,0
20856,1
20857,1
20858,0
20859,1
20860,0
20861,0
20862,1
20863,1
20864,0
20865,1
20866,1
20867,0
20868,1
20869,0
20870,1
20871,1
20872,1
20873,1
20874,1
20875,0
20876,1
20877,1
20878,0
20879,1
20880,1
20881,1
20882,1
20883,1
20884,1
20885,1
20886,1
20887,1
20888,0
20889,0
20890,1
20891,1
20892,1
20893,1
20894,0
20895,1
20896,0
20897,0
20898,0
20899,0
20900,0
20901,0
20902,0
20903,1
20904,0
20905,1
20906,1
20907,0
20908,1
20909,1
20910,0
20911,1
20912,0
20913,1
20914,0
20915,1
20916,1
20917,1
20918,1
20919,1
20920,1
20921,1
20922,0
20923,1
20924,0
20925,1
20926,0
20927,1
20928,1
20929,1
20930,1
20931,1
20932,1
20933,1
20934,0
20935,0
20936,1
20937,0
20938,1
20939,1
20940,1
20941,1
20942,1
20943,1
20944,1
20945,1
20946,1
20947,1
20948,1
20949,0
20950,1
20951,1
20952,0
20953,0
20954,1
20955,0
20956,1
20957,0
20958,1
20959,1
20960,0
20961,1
20962,1
20963,1
20964,0
20965,1
20966,0
20967,0
20968,0
20969,0
20970,0
20971,1
20972,0
20973,1
20974,0
20975,1
20976,0
20977,0
20978,0
20979,0
20980,1
20981,1
20982,0
20983,1
20984,1
20985,1
20986,1
20987,1
20988,1
20989,1
20990,1
20991,1
20992,1
20993,0
20994,1
20995,1
20996,1
20997,0
20998,1
20999,0
21000,1
21001,1
21002,0
21003,1
21004,1
21005,0
21006,0
21007,1
21008,1
21009,1
21010,1
21011,1
21012,1
21013,0
21014,1
21015,1
21016,1
21017,0
21018,0
21019,1
21020,1
21021,1
21022,0
21023,0
21024,0
21025,1
21026,1
21027,1
21028,1
21029,1
21030,0
21031,1
21032,1
21033,1
21034,1
21035,1
21036,1
21037,1
21038,1
21039,1
21040,1
21041,0
21042,1
21043,1
21044,0
21045,1
21046,1
21047,1
21048,1
21049,1
21050,0
21051,0
21052,1
21053,0
21054,0
21055,1
21056,1
21057,0
21058,1
21059,1
21060,1
21061,0
21062,1
21063,1
21064,0
21065,1
21066,0
21067,0
21068,0
21069,1
21070,1
21071,1
21072,1
21073,1
21074,1
21075,0
21076,1
21077,1
21078,0
21079,0
21080,0
21081,1
21082,1
21083,1
21084,1
21085,0
21086,1
21087,1
21088,1
21089,1
21090,1
21091,1
21092,0
21093,1
21094,0
21095,0
21096,1
21097,1
21098,1
21099,1
21100,1
21101,1
21102,1
21103,0
21104,0
21105,0
21106,1
21107,1
21108,1
21109,0
21110,1
21111,0
21112,1
21113,0
21114,1
21115,1
21116,1
21117,1
21118,1
21119,1
21120,1
21121,0
21122,1
21123,0
21124,1
21125,0
21126,1
21127,1
21128,1
21129,0
21130,0
21131,0
21132,0
21133,1
21134,1
21135,1
21136,0
21137,1
21138,1
21139,1
21140,1
21141,0
21142,0
21143,1
21144,0
21145,0
21146,1
21147,1
21148,1
21149,0
21150,0
21151,1
21152,1
21153,1
21154,1
21155,1
21156,0
21157,1
21158,1
21159,1
21160,1
21161,1
21162,1
21163,1
21164,1
21165,0
21166,1
21167,1
21168,0
21169,0
21170,1
21171,0
21172,1
21173,0
21174,0
21175,1
21176,1
21177,0
21178,0
21179,0
21180,1
21181,1
21182,1
21183,1
21184,1
21185,1
21186,1
21187,1
21188,0
21189,1
21190,1
21191,1
21192,1
21193,1
21194,1
21195,0
21196,0
21197,1
21198,0
21199,0
21200,0
21201,1
21202,0
21203,1
21204,1
21205,1
21206,1
21207,0
21208,1
21209,1
21210,1
21211,1
21212,1
21213,0
21214,1
21215,1
21216,1
21217,1
21218,0
21219,1
21220,0
21221,1
21222,1
21223,1
21224,0
21225,0
21226,0
21227,1
21228,1
21229,1
21230,0
21231,1
21232,0
21233,0
21234,1
21235,1
21236,0
21237,0
21238,1
21239,1
21240,0
21241,0
21242,0
21243,1
21244,1
21245,1
21246,1
21247,1
21248,1
21249,0
21250,1
21251,1
21252,1
21253,1
21254,1
21255,1
21256,1
21257,1
21258,1
21259,1
21260,0
21261,1
21262,1
21263,1
21264,1
21265,1
21266,0
21267,1
21268,0
21269,1
21270,1
21271,1
21272,1
21273,1
21274,1
21275,0
21276,1
21277,1
21278,1
21279,1
21280,1
21281,1
21282,0
21283,0
21284,1
21285,1
21286,1
21287,1
21288,1
21289,1
21290,1
21291,1
21292,1
21293,1
21294,1
21295,0
21296,0
21297,1
21298,1
21299,1
21300,1
21301,0
21302,1
21303,1
21304,0
21305,1
21306,1
21307,1
21308,0
21309,0
21310,0
21311,1
21312,1
21313,0
21314,0
21315,0
21316,0
21317,1
21318,1
21319,0
21320,0
21321,1
21322,0
21323,1
21324,0
21325,1
21326,1
21327,1
21328,1
21329,1
21330,1
21331,0
21332,1
21333,0
21334,1
21335,0
21336,1
21337,0
21338,1
21339,1
21340,1
21341,0
21342,1
21343,1
21344,1
21345,1
21346,1
21347,1
21348,1
21349,1
21350,0
21351,1
21352,1
21353,1
21354,0
21355,0
21356,0
21357,1
21358,1
21359,1
21360,1
21361,1
21362,0
21363,1
21364,1
21365,0
21366,0
21367,0
21368,0
21369,1
21370,0
21371,1
21372,1
21373,1
21374,1
21375,1
21376,0
21377,0
21378,0
21379,1
21380,1
21381,1
21382,1
21383,0
21384,1
21385,1
21386,1
21387,1
21388,0
21389,1
21390,1
21391,1
21392,0
21393,0
21394,1
21395,1
21396,0
21397,1
21398,1
21399,1
21400,1
21401,1
21402,1
21403,1
21404,1
21405,1
21406,1
21407,0
21408,1
21409,0
21410,1
21411,1
21412,0
21413,1
21414,1
21415,1
21416,1
21417,1
21418,1
21419,1
21420,0
21421,1
21422,1
21423,1
21424,1
21425,1
21426,1
21427,1
21428,0
21429,1
21430,0
21431,1
21432,0
21433,0
21434,1
21435,1
21436,0
21437,1
21438,1
21439,1
21440,1
21441,1
21442,1
21443,0
21444,1
21445,1
21446,1
21447,1
21448,1
21449,1
21450,0
21451,1
21452,1
21453,0
21454,1
21455,1
21456,1
21457,1
21458,1
21459,0
21460,1
21461,1
21462,1
21463,1
21464,0
21465,1
21466,1
21467,1
21468,1
21469,1
21470,1
21471,1
21472,0
21473,1
21474,0
21475,0
21476,0
21477,1
21478,1
21479,0
21480,1
21481,1
21482,0
21483,0
21484,0
21485,1
21486,0
21487,1
21488,1
21489,0
21490,0
21491,0
21492,1
21493,0
21494,1
21495,1
21496,0
21497,1
21498,1
21499,0
21500,0
21501,1
21502,1
21503,0
21504,0
21505,0
21506,0
21507,1
21508,1
21509,1
21510,1
21511,1
21512,1
21513,0
21514,0
21515,1
21516,1
21517,1
21518,0
21519,1
21520,0
21521,1
21522,1
21523,1
21524,0
21525,1
21526,1
21527,0
21528,1
21529,1
21530,1
21531,0
21532,1
21533,1
21534,0
21535,1
21536,0
21537,0
21538,0
21539,0
21540,1
21541,0
21542,1
21543,1
21544,0
21545,0
21546,0
21547,0
21548,1
21549,1
21550,1
21551,1
21552,1
21553,0
21554,1
21555,1
21556,0
21557,0
21558,1
21559,1
21560,0
21561,1
21562,0
21563,0
21564,0
21565,0
21566,1
21567,1
21568,0
21569,1
21570,1
21571,0
21572,0
21573,0
21574,1
21575,1
21576,1
21577,1
21578,1
21579,1
21580,0
21581,1
21582,1
21583,0
21584,1
21585,0
21586,0
21587,0
21588,1
21589,0
21590,1
21591,0
21592,1
21593,1
21594,1
21595,1
21596,0
21597,1
21598,1
21599,1
21600,1
21601,1
21602,1
21603,1
21604,1
21605,1
21606,1
21607,0
21608,1
21609,1
21610,1
21611,0
21612,1
21613,1
21614,1
21615,1
21616,0
21617,1
21618,1
21619,1
21620,1
21621,1
21622,1
21623,1
21624,0
21625,1
21626,1
21627,1
21628,0
21629,0
21630,1
21631,0
21632,1
21633,0
21634,1
21635,1
21636,1
21637,1
21638,1
21639,0
21640,0
21641,0
21642,0
21643,1
21644,0
21645,1
21646,1
21647,1
21648,1
21649,1
21650,1
21651,1
21652,1
21653,1
21654,0
21655,0
21656,1
21657,1
21658,1
21659,1
21660,0
21661,0
21662,1
21663,0
21664,0
21665,1
21666,0
21667,1
21668,1
21669,1
21670,1
21671,0
21672,1
21673,0
21674,0
21675,0
21676,1
21677,1
21678,1
21679,1
21680,0
21681,0
21682,0
21683,1
21684,1
21685,0
21686,0
21687,1
21688,0
21689,0
21690,0
21691,1
21692,0
21693,1
21694,1
21695,1
21696,1
21697,0
21698,1
21699,1
21700,0
21701,1
21702,1
21703,0
21704,0
21705,1
21706,1
21707,1
21708,1
21709,1
21710,0
21711,0
21712,1
21713,0
21714,1
21715,0
21716,1
21717,0
21718,0
21719,1
21720,0
21721,1
21722,1
21723,1
21724,1
21725,0
21726,1
21727,1
21728,1
21729,0
21730,0
21731,1
21732,1
21733,1
21734,0
21735,0
21736,1
21737,1
21738,0
21739,1
21740,1
21741,1
21742,0
21743,1
21744,0
21745,1
21746,1
21747,1
21748,1
21749,0
21750,0
21751,1
21752,0
21753,1
21754,0
21755,0
21756,1
21757,0
21758,1
21759,0
21760,0
21761,1
21762,1
21763,0
21764,0
21765,1
21766,0
21767,0
21768,1
21769,1
21770,1
21771,1
21772,1
21773,0
21774,0
21775,1
21776,0
21777,1
21778,1
21779,0
21780,1
21781,1
21782,0
21783,1
21784,1
21785,0
21786,1
21787,1
21788,1
21789,0
21790,0
21791,1
21792,1
21793,0
21794,1
21795,1
21796,1
21797,1
21798,1
21799,0
21800,0
21801,1
21802,1
21803,1
21804,1
21805,1
21806,1
21807,0
21808,1
21809,1
21810,1
21811,0
21812,1
21813,1
21814,1
21815,1
21816,0
21817,1
21818,1
21819,0
21820,0
21821,1
21822,1
21823,1
21824,0
21825,0
21826,1
21827,0
21828,0
21829,0
21830,1
21831,1
21832,1
21833,1
21834,1
21835,1
21836,0
21837,1
21838,0
21839,1
21840,0
21841,0
21842,1
21843,0
21844,0
21845,0
21846,0
21847,0
21848,0
21849,0
21850,1
21851,1
21852,1
21853,0
21854,1
21855,0
21856,0
21857,1
21858,0
21859,0
21860,0
21861,1
21862,0
21863,1
21864,1
21865,0
21866,1
21867,1
21868,1
21869,1
21870,1
21871,0
21872,1
21873,1
21874,1
21875,0
21876,1
21877,1
21878,1
21879,1
21880,1
21881,1
21882,1
21883,1
21884,1
21885,1
21886,1
21887,1
21888,1
21889,1
21890,0
21891,1
21892,1
21893,0
21894,0
21895,0
21896,0
21897,0
21898,1
21899,1
21900,1
21901,1
21902,1
21903,1
21904,1
21905,0
21906,1
21907,1
21908,1
21909,0
21910,0
21911,0
21912,1
21913,1
21914,0
21915,1
21916,0
21917,1
21918,1
21919,0
21920,1
21921,0
21922,0
21923,0
21924,1
21925,1
21926,1
21927,1
21928,0
21929,0
21930,0
21931,1
21932,1
21933,0
21934,1
21935,1
21936,1
21937,0
21938,1
21939,0
21940,0
21941,0
21942,1
21943,1
21944,1
21945,0
21946,1
21947,0
21948,1
21949,0
21950,1
21951,0
21952,0
21953,1
21954,0
21955,0
21956,1
21957,0
21958,0
21959,1
21960,1
21961,0
21962,1
21963,1
21964,1
21965,1
21966,1
21967,0
21968,1
21969,1
21970,1
21971,0
21972,1
21973,1
21974,0
21975,1
21976,0
21977,1
21978,1
21979,1
21980,0
21981,0
21982,1
21983,0
21984,1
21985,0
21986,1
21987,1
21988,1
21989,1
21990,0
21991,1
21992,1
21993,1
21994,0
21995,0
21996,0
21997,0
21998,0
21999,1
22000,1
22001,1
22002,1
22003,1
22004,1
22005,1
22006,1
22007,0
22008,0
22009,1
22010,1
22011,1
22012,1
22013,1
22014,0
22015,1
22016,0
22017,1
22018,0
22019,1
22020,1
22021,0
22022,1
22023,1
22024,0
22025,1
22026,1
22027,1
22028,0
22029,1
22030,0
22031,0
22032,0
22033,0
22034,1
22035,1
22036,0
22037,1
22038,1
22039,0
22040,1
22041,1
22042,0
22043,1
22044,1
22045,1
22046,1
22047,1
22048,0
22049,1
22050,1
22051,1
22052,0
22053,1
22054,0
22055,1
22056,0
22057,1
22058,0
22059,1
22060,1
22061,1
22062,0
22063,1
22064,1
22065,1
22066,1
22067,1
22068,1
22069,1
22070,1
22071,1
22072,1
22073,1
22074,1
22075,1
22076,1
22077,0
22078,0
22079,0
22080,0
22081,1
22082,0
22083,0
22084,1
22085,0
22086,0
22087,1
22088,0
22089,1
22090,1
22091,0
22092,0
22093,0
22094,1
22095,1
22096,1
22097,0
22098,1
22099,1
22100,0
22101,1
22102,1
22103,1
22104,1
22105,0
22106,1
22107,1
22108,1
22109,1
22110,1
22111,0
22112,1
22113,0
22114,0
22115,1
22116,1
22117,1
22118,0
22119,1
22120,1
22121,0
22122,0
22123,0
22124,1
22125,1
22126,1
22127,0
22128,1
22129,0
22130,1
22131,1
22132,1
22133,1
22134,1
22135,1
22136,1
22137,0
22138,0
22139,1
22140,0
22141,1
22142,1
22143,1
22144,1
22145,1
22146,1
22147,0
22148,0
22149,0
22150,0
22151,0
22152,1
22153,1
22154,0
22155,0
22156,1
22157,0
22158,0
22159,0
22160,0
22161,1
22162,0
22163,1
22164,1
22165,1
22166,0
22167,0
22168,1
22169,0
22170,1
22171,0
22172,0
22173,1
22174,1
22175,1
22176,0
22177,1
22178,0
22179,1
22180,0
22181,1
22182,1
22183,1
22184,1
22185,0
22186,1
22187,1
22188,1
22189,1
22190,0
22191,1
22192,0
22193,1
22194,1
22195,1
22196,0
22197,1
22198,1
22199,1
22200,0
22201,1
22202,1
22203,1
22204,0
22205,1
22206,1
22207,1
22208,1
22209,1
22210,0
22211,1
22212,1
22213,0
22214,0
22215,0
22216,0
22217,1
22218,0
22219,0
22220,1
22221,1
22222,1
22223,1
22224,1
22225,0
22226,1
22227,1
22228,1
22229,1
22230,0
22231,1
22232,1
22233,1
22234,0
22235,1
22236,1
22237,1
22238,1
22239,1
22240,1
22241,1
22242,0
22243,1
22244,1
22245,1
22246,1
22247,1
22248,0
22249,1
22250,0
22251,1
22252,1
22253,1
22254,1
22255,1
22256,1
22257,1
22258,0
22259,1
22260,0
22261,1
22262,0
22263,1
22264,1
22265,1
22266,1
22267,0
22268,0
22269,0
22270,1
22271,0
22272,0
22273,0
22274,0
22275,1
22276,0
22277,1
22278,1
22279,1
22280,0
22281,1
22282,1
22283,1
22284,0
22285,1
22286,0
22287,0
22288,1
22289,0
22290,0
22291,1
22292,1
22293,0
22294,1
22295,0
22296,1
22297,1
22298,0
22299,1
22300,1
22301,0
22302,1
22303,0
22304,1
22305,0
22306,1
22307,0
22308,0
22309,1
22310,1
22311,1
22312,1
22313,1
22314,1
22315,1
22316,0
22317,1
22318,0
22319,0
22320,1
22321,1
22322,1
22323,1
22324,0
22325,1
22326,1
22327,1
22328,1
22329,1
22330,1
22331,1
22332,1
22333,0
22334,0
22335,0
22336,1
22337,0
22338,0
22339,1
22340,1
22341,1
22342,0
22343,0
22344,0
22345,1
22346,1
22347,1
22348,1
22349,1
22350,1
22351,1
22352,1
22353,0
22354,1
22355,0
22356,1
22357,1
22358,1
22359,1
22360,0
22361,0
22362,1
22363,0
22364,0
22365,1
22366,1
22367,0
22368,1
22369,1
22370,1
22371,1
22372,1
22373,0
22374,0
22375,1
22376,1
22377,1
22378,0
22379,1
22380,1
22381,0
22382,0
22383,1
22384,1
22385,1
22386,0
22387,0
22388,1
22389,0
22390,1
22391,1
22392,0
22393,1
22394,1
22395,0
22396,1
22397,0
22398,1
22399,1
22400,1
22401,0
22402,0
22403,1
22404,1
22405,1
22406,1
22407,1
22408,1
22409,1
22410,1
22411,1
22412,0
22413,1
22414,1
22415,0
22416,0
22417,1
22418,1
22419,0
22420,1
22421,1
22422,1
22423,0
22424,0
22425,0
22426,1
22427,1
22428,1
22429,1
22430,1
22431,1
22432,1
22433,0
22434,1
22435,1
22436,0
22437,0
22438,0
22439,0
22440,1
22441,0
22442,1
22443,1
22444,1
22445,0
22446,0
22447,1
22448,0
22449,0
22450,1
22451,1
22452,1
22453,1
22454,1
22455,1
22456,1
22457,1
22458,0
22459,0
22460,1
22461,1
22462,1
22463,1
22464,1
22465,0
22466,1
22467,1
22468,0
22469,1
22470,1
22471,0
22472,1
22473,1
22474,1
22475,1
22476,1
22477,1
22478,0
22479,0
22480,1
22481,1
22482,0
22483,1
22484,1
22485,0
22486,1
22487,1
22488,0
22489,1
22490,1
22491,0
22492,0
22493,1
22494,1
22495,1
22496,1
22497,0
22498,1
22499,1
22500,1
22501,1
22502,1
22503,1
22504,1
22505,0
22506,1
22507,0
22508,1
22509,0
22510,0
22511,1
22512,1
22513,1
22514,1
22515,0
22516,1
22517,0
22518,1
22519,1
22520,1
22521,1
22522,1
22523,0
22524,0
22525,0
22526,1
22527,1
22528,1
22529,1
22530,0
22531,1
22532,0
22533,0
22534,1
22535,1
22536,0
22537,1
22538,1
22539,1
22540,1
22541,1
22542,1
22543,1
22544,1
22545,1
22546,0
22547,1
22548,1
22549,1
22550,0
22551,0
22552,0
22553,1
22554,1
22555,0
22556,1
22557,1
22558,0
22559,1
22560,1
22561,1
22562,1
22563,1
22564,1
22565,0
22566,0
22567,1
22568,1
22569,1
22570,0
22571,1
22572,1
22573,1
22574,0
22575,0
22576,0
22577,1
22578,0
22579,1
22580,1
22581,0
22582,1
22583,1
22584,0
22585,0
22586,0
22587,1
22588,1
22589,1
22590,1
22591,1
22592,1
22593,1
22594,0
22595,1
22596,1
22597,0
22598,0
22599,1
22600,1
22601,1
22602,1
22603,0
22604,1
22605,1
22606,1
22607,1
22608,0
22609,0
22610,1
22611,1
22612,1
22613,1
22614,0
22615,1
22616,1
22617,1
22618,0
22619,0
22620,0
22621,1
22622,0
22623,1
22624,0
22625,0
22626,0
22627,1
22628,0
22629,1
22630,1
22631,1
22632,1
22633,0
22634,1
22635,0
22636,1
22637,0
22638,0
22639,1
22640,0
22641,1
22642,0
22643,0
22644,0
22645,0
22646,1
22647,1
22648,0
22649,1
22650,0
22651,1
22652,0
22653,1
22654,0
22655,0
22656,0
22657,1
22658,0
22659,1
22660,1
22661,1
22662,0
22663,1
22664,1
22665,1
22666,1
22667,1
22668,1
22669,1
22670,1
22671,1
22672,1
22673,1
22674,0
22675,1
22676,1
22677,1
22678,1
22679,1
22680,1
22681,0
22682,0
22683,0
22684,1
22685,0
22686,1
22687,1
22688,0
22689,0
22690,0
22691,0
22692,0
22693,1
22694,1
22695,1
22696,1
22697,0
22698,1
22699,0
22700,0
22701,1
22702,1
22703,1
22704,0
22705,1
22706,0
22707,1
22708,1
22709,0
22710,0
22711,0
22712,1
22713,0
22714,1
22715,1
22716,1
22717,0
22718,1
22719,0
22720,1
22721,1
22722,1
22723,0
22724,1
22725,1
22726,0
22727,0
22728,1
22729,1
22730,1
22731,0
22732,1
22733,1
22734,1
22735,0
22736,0
22737,0
22738,1
22739,0
22740,0
22741,1
22742,1
22743,0
22744,1
22745,1
22746,1
22747,1
22748,1
22749,1
22750,0
22751,1
22752,1
22753,1
22754,0
22755,0
22756,1
22757,1
22758,1
22759,1
22760,0
22761,0
22762,1
22763,1
22764,1
22765,1
22766,1
22767,0
22768,1
22769,1
22770,1
22771,0
22772,0
22773,1
22774,1
22775,0
22776,0
22777,1
22778,1
22779,1
22780,1
22781,0
22782,1
22783,0
22784,1
22785,1
22786,0
22787,1
22788,1
22789,0
22790,0
22791,0
22792,1
22793,1
22794,0
22795,1
22796,1
22797,0
22798,1
22799,1
22800,1
22801,1
22802,0
22803,1
22804,0
22805,1
22806,0
22807,1
22808,0
22809,0
22810,1
22811,1
22812,1
22813,1
22814,0
22815,1
22816,0
22817,1
22818,1
22819,1
22820,1
22821,1
22822,1
22823,1
22824,1
22825,1
22826,1
22827,0
22828,0
22829,1
22830,0
22831,1
22832,1
22833,0
22834,0
22835,1
22836,1
22837,1
22838,0
22839,1
22840,0
22841,1
22842,1
22843,1
22844,0
22845,0
22846,1
22847,1
22848,1
22849,0
22850,1
22851,0
22852,0
22853,1
22854,1
22855,1
22856,0
22857,1
22858,0
22859,1
22860,1
22861,1
22862,0
22863,0
22864,1
22865,1
22866,0
22867,1
22868,1
22869,1
22870,1
22871,0
22872,1
22873,1
22874,1
22875,1
22876,0
22877,1
22878,1
22879,1
22880,1
22881,1
22882,0
22883,1
22884,0
22885,1
22886,1
22887,0
22888,1
22889,1
22890,1
22891,1
22892,0
22893,1
22894,1
22895,1
22896,1
22897,1
22898,0
22899,0
22900,1
22901,1
22902,1
22903,1
22904,0
22905,0
22906,0
22907,1
22908,1
22909,1
22910,1
22911,0
22912,1
22913,0
22914,1
22915,0
22916,0
22917,1
22918,0
22919,1
22920,1
22921,1
22922,0
22923,1
22924,1
22925,0
22926,1
22927,0
22928,0
22929,1
22930,0
22931,1
22932,1
22933,0
22934,0
22935,1
22936,1
22937,0
22938,0
22939,1
22940,0
22941,1
22942,0
22943,1
22944,1
22945,1
22946,0
22947,1
22948,0
22949,1
22950,0
22951,0
22952,1
22953,1
22954,0
22955,1
22956,1
22957,0
22958,1
22959,1
22960,1
22961,1
22962,1
22963,1
22964,1
22965,0
22966,1
22967,1
22968,1
22969,1
22970,1
22971,1
22972,0
22973,0
22974,0
22975,1
22976,0
22977,1
22978,1
22979,0
22980,1
22981,1
22982,1
22983,1
22984,0
22985,0
22986,0
22987,1
22988,1
22989,0
22990,0
22991,1
22992,1
22993,1
22994,0
22995,1
22996,0
22997,0
22998,0
22999,0
23000,0
23001,1
23002,1
23003,0
23004,0
23005,1
23006,1
23007,1
23008,1
23009,1
23010,0
23011,0
23012,0
23013,1
23014,0
23015,1
23016,0
23017,1
23018,1
23019,1
23020,0
23021,1
23022,0
23023,0
23024,0
23025,0
23026,1
23027,1
23028,0
23029,1
23030,0
23031,1
23032,1
23033,0
23034,1
23035,1
23036,1
23037,0
23038,1
23039,1
23040,0
23041,1
23042,0
23043,1
23044,0
23045,0
23046,0
23047,0
23048,1
23049,1
23050,0
23051,1
23052,1
23053,1
23054,1
23055,1
23056,1
23057,0
23058,1
23059,1
23060,0
23061,1
23062,0
23063,1
23064,1
23065,1
23066,1
23067,1
23068,0
23069,0
23070,1
23071,1
23072,1
23073,1
23074,1
23075,1
23076,0
23077,1
23078,1
23079,1
23080,1
23081,0
23082,0
23083,0
23084,0
23085,0
23086,1
23087,1
23088,1
23089,0
23090,1
23091,1
23092,1
23093,1
23094,1
23095,1
23096,1
23097,1
23098,1
23099,1
23100,1
23101,1
23102,1
23103,0
23104,1
23105,1
23106,1
23107,1
23108,1
23109,0
23110,1
23111,1
23112,1
23113,1
23114,1
23115,1
23116,1
23117,1
23118,0
23119,0
23120,1
23121,0
23122,1
23123,1
23124,1
23125,1
23126,1
23127,1
23128,1
23129,0
23130,1
23131,0
23132,1
23133,1
23134,0
23135,0
23136,0
23137,1
23138,1
23139,0
23140,0
23141,1
23142,1
23143,1
23144,0
23145,0
23146,0
23147,0
23148,1
23149,1
23150,0
23151,1
23152,1
23153,1
23154,1
23155,0
23156,1
23157,1
23158,0
23159,0
23160,0
23161,1
23162,0
23163,1
23164,0
23165,1
23166,0
23167,1
23168,0
23169,0
23170,0
23171,0
23172,1
23173,1
23174,0
23175,1
23176,1
23177,1
23178,0
23179,0
23180,1
23181,1
23182,0
23183,1
23184,1
23185,1
23186,1
23187,1
23188,1
23189,1
23190,1
23191,1
23192,1
23193,1
23194,1
23195,1
23196,0
23197,0
23198,1
23199,1
23200,1
23201,1
23202,0
23203,0
23204,0
23205,0
23206,1
23207,1
23208,0
23209,1
23210,1
23211,0
23212,1
23213,1
23214,0
23215,1
23216,0
23217,1
23218,1
23219,1
23220,1
23221,1
23222,1
23223,1
23224,1
23225,1
23226,0
23227,0
23228,1
23229,0
23230,1
23231,0
23232,0
23233,1
23234,0
23235,1
23236,1
23237,1
23238,1
23239,1
23240,0
23241,1
23242,1
23243,1
23244,1
23245,1
23246,1
23247,1
23248,1
23249,1
23250,1
23251,1
23252,1
23253,0
23254,1
23255,0
23256,1
23257,1
23258,1
23259,0
23260,1
23261,1
23262,0
23263,1
23264,1
23265,1
23266,1
23267,1
23268,1
23269,0
23270,1
23271,0
23272,0
23273,1
23274,0
23275,1
23276,1
23277,1
23278,0
23279,1
23280,0
23281,1
23282,1
23283,1
23284,1
23285,0
23286,1
23287,1
23288,1
23289,0
23290,0
23291,1
23292,0
23293,0
23294,0
23295,1
23296,1
23297,0
23298,1
23299,0
23300,0
23301,1
23302,1
23303,1
23304,1
23305,0
23306,1
23307,1
23308,1
23309,0
23310,1
23311,1
23312,1
23313,0
23314,0
23315,1
23316,0
23317,1
23318,0
23319,1
23320,1
23321,1
23322,1
23323,0
23324,1
23325,1
23326,0
23327,1
23328,1
23329,1
23330,1
23331,0
23332,0
23333,0
23334,1
23335,1
23336,1
23337,0
23338,1
23339,0
23340,1
23341,0
23342,1
23343,1
23344,0
23345,1
23346,1
23347,1
23348,1
23349,1
23350,0
23351,1
23352,1
23353,0
23354,0
23355,1
23356,1
23357,1
23358,1
23359,0
23360,0
23361,0
23362,1
23363,1
23364,1
23365,1
23366,1
23367,1
23368,1
23369,1
23370,1
23371,0
23372,1
23373,0
23374,1
23375,1
23376,1
23377,1
23378,0
23379,1
23380,1
23381,1
23382,1
23383,1
23384,1
23385,0
23386,0
23387,1
23388,0
23389,1
23390,1
23391,1
23392,1
23393,1
23394,1
23395,0
23396,1
23397,1
23398,0
23399,1
23400,0
23401,1
23402,1
23403,1
23404,1
23405,0
23406,1
23407,1
23408,0
23409,0
23410,1
23411,1
23412,1
23413,1
23414,0
23415,0
23416,1
23417,0
23418,1
23419,0
23420,1
23421,0
23422,1
23423,0
23424,1
23425,0
23426,0
23427,0
23428,0
23429,1
23430,1
23431,0
23432,1
23433,1
23434,1
23435,1
23436,1
23437,1
23438,1
23439,0
23440,1
23441,1
23442,0
23443,1
23444,1
23445,0
23446,0
23447,1
23448,0
23449,0
23450,1
23451,1
23452,1
23453,0
23454,1
23455,0
23456,0
23457,1
23458,1
23459,1
23460,1
23461,0
23462,1
23463,1
23464,0
23465,0
23466,0
23467,0
23468,0
23469,1
23470,1
23471,1
23472,1
23473,1
23474,0
23475,1
23476,0
23477,1
23478,1
23479,0
23480,0
23481,1
23482,1
23483,0
23484,0
23485,0
23486,0
23487,1
23488,1
23489,1
23490,0
23491,1
23492,1
23493,0
23494,0
23495,0
23496,1
23497,1
23498,1
23499,1
23500,0
23501,0
23502,0
23503,0
23504,1
23505,0
23506,0
23507,1
23508,1
23509,1
23510,0
23511,1
23512,1
23513,0
23514,0
23515,1
23516,1
23517,1
23518,0
23519,1
23520,0
23521,0
23522,1
23523,1
23524,1
23525,0
23526,0
23527,0
23528,1
23529,1
23530,0
23531,1
23532,0
23533,0
23534,1
23535,1
23536,1
23537,1
23538,0
23539,1
23540,1
23541,1
23542,1
23543,1
23544,1
23545,1
23546,1
23547,0
23548,1
23549,1
23550,0
23551,1
23552,0
23553,1
23554,1
23555,0
23556,0
23557,1
23558,1
23559,1
23560,0
23561,1
23562,1
23563,0
23564,1
23565,1
23566,0
23567,1
23568,0
23569,0
23570,0
23571,0
23572,1
23573,1
23574,1
23575,0
23576,0
23577,1
23578,1
23579,1
23580,0
23581,0
23582,0
23583,1
23584,0
23585,1
23586,1
23587,0
23588,0
23589,0
23590,1
23591,0
23592,1
23593,1
23594,1
23595,1
23596,1
23597,1
23598,0
23599,1
23600,0
23601,1
23602,1
23603,1
23604,1
23605,1
23606,0
23607,1
23608,1
23609,1
23610,1
23611,1
23612,0
23613,1
23614,1
23615,0
23616,1
23617,0
23618,0
23619,0
23620,0
23621,1
23622,0
23623,1
23624,0
23625,1
23626,0
23627,1
23628,1
23629,1
23630,1
23631,1
23632,0
23633,1
23634,0
23635,1
23636,0
23637,0
23638,1
23639,1
23640,1
23641,0
23642,0
23643,1
23644,0
23645,1
23646,1
23647,0
23648,1
23649,1
23650,1
23651,1
23652,0
23653,1
23654,1
23655,1
23656,0
23657,1
23658,1
23659,1
23660,0
23661,0
23662,1
23663,1
23664,1
23665,0
23666,1
23667,1
23668,0
23669,1
23670,1
23671,1
23672,1
23673,1
23674,0
23675,1
23676,0
23677,1
23678,0
23679,1
23680,0
23681,1
23682,1
23683,0
23684,1
23685,1
23686,1
23687,1
23688,1
23689,0
23690,0
23691,1
23692,1
23693,1
23694,1
23695,0
23696,1
23697,0
23698,1
23699,1
23700,0
23701,0
23702,0
23703,0
23704,0
23705,1
23706,1
23707,0
23708,1
23709,1
23710,1
23711,1
23712,0
23713,1
23714,1
23715,1
23716,1
23717,1
23718,1
23719,1
23720,0
23721,1
23722,1
23723,1
23724,1
23725,1
23726,0
23727,1
23728,0
23729,1
23730,1
23731,0
23732,0
23733,1
23734,1
23735,1
23736,1
23737,0
23738,1
23739,1
23740,0
23741,1
23742,0
23743,1
23744,1
23745,0
23746,1
23747,0
23748,1
23749,1
23750,1
23751,1
23752,1
23753,0
23754,0
23755,1
23756,1
23757,0
23758,1
23759,0
23760,1
23761,0
23762,0
23763,1
23764,1
23765,0
23766,1
23767,1
23768,1
23769,1
23770,1
23771,1
23772,1
23773,0
23774,0
23775,0
23776,1
23777,1
23778,1
23779,1
23780,1
23781,1
23782,0
23783,0
23784,1
23785,0
23786,1
23787,0
23788,1
23789,1
23790,1
23791,1
23792,1
23793,1
23794,1
23795,0
23796,0
23797,0
23798,0
23799,0
23800,1
23801,1
23802,0
23803,1
23804,1
23805,0
23806,1
23807,0
23808,1
23809,0
23810,1
23811,1
23812,0
23813,1
23814,0
23815,1
23816,1
23817,1
23818,1
23819,1
23820,1
23821,0
23822,1
23823,1
23824,0
23825,1
23826,0
23827,1
23828,1
23829,1
23830,1
23831,1
23832,0
23833,1
23834,1
23835,1
23836,1
23837,1
23838,1
23839,1
23840,0
23841,0
23842,1
23843,1
23844,1
23845,0
23846,0
23847,0
23848,1
23849,1
23850,0
23851,0
23852,1
23853,1
23854,1
23855,1
23856,0
23857,0
23858,1
23859,0
23860,1
23861,1
23862,0
23863,0
23864,1
23865,0
23866,0
23867,1
23868,1
23869,1
23870,0
23871,0
23872,0
23873,1
23874,0
23875,1
23876,0
23877,1
23878,1
23879,1
23880,0
23881,0
23882,1
23883,0
23884,1
23885,0
23886,0
23887,1
23888,0
23889,1
23890,0
23891,0
23892,1
23893,1
23894,1
23895,1
23896,1
23897,1
23898,1
23899,1
23900,1
23901,1
23902,1
23903,0
23904,1
23905,0
23906,0
23907,0
23908,0
23909,1
23910,1
23911,1
23912,1
23913,0
23914,1
23915,1
23916,0
23917,1
23918,1
23919,1
23920,1
23921,1
23922,1
23923,1
23924,1
23925,1
23926,0
23927,1
23928,0
23929,0
23930,0
23931,0
23932,1
23933,0
23934,1
23935,0
23936,0
23937,1
23938,0
23939,1
23940,1
23941,0
23942,0
23943,1
23944,0
23945,0
23946,0
23947,0
23948,1
23949,1
23950,1
23951,1
23952,0
23953,1
23954,0
23955,0
23956,1
23957,0
23958,0
23959,1
23960,0
23961,0
23962,1
23963,1
23964,1
23965,1
23966,0
23967,1
23968,0
23969,0
23970,1
23971,0
23972,1
23973,1
23974,1
23975,1
23976,0
23977,1
23978,1
23979,1
23980,1
23981,0
23982,1
23983,1
23984,1
23985,1
23986,1
23987,1
23988,1
23989,0
23990,1
23991,0
23992,1
23993,1
23994,1
23995,0
23996,1
23997,0
23998,1
23999,1
24000,1
24001,1
24002,1
24003,1
24004,1
24005,0
24006,1
24007,1
24008,0
24009,0
24010,0
24011,1
24012,0
24013,0
24014,1
24015,1
24016,0
24017,0
24018,1
24019,0
24020,1
24021,0
24022,1
24023,0
24024,1
24025,1
24026,1
24027,0
24028,1
24029,0
24030,1
24031,0
24032,0
24033,1
24034,1
24035,0
24036,1
24037,1
24038,1
24039,0
24040,0
24041,0
24042,1
24043,0
24044,1
24045,1
24046,1
24047,0
24048,0
24049,1
24050,1
24051,0
24052,1
24053,1
24054,1
24055,1
24056,0
24057,1
24058,0
24059,1
24060,1
24061,0
24062,1
24063,0
24064,1
24065,1
24066,0
24067,1
24068,1
24069,0
24070,0
24071,1
24072,0
24073,1
24074,0
24075,1
24076,0
24077,1
24078,1
24079,0
24080,1
24081,1
24082,0
24083,1
24084,0
24085,0
24086,0
24087,0
24088,1
24089,0
24090,0
24091,0
24092,1
24093,1
24094,1
24095,1
24096,0
24097,0
24098,1
24099,0
24100,1
24101,0
24102,1
24103,0
24104,1
24105,0
24106,1
24107,1
24108,0
24109,1
24110,1
24111,1
24112,1
24113,1
24114,1
24115,1
24116,1
24117,1
24118,1
24119,0
24120,1
24121,1
24122,1
24123,1
24124,1
24125,1
24126,1
24127,0
24128,1
24129,1
24130,1
24131,1
24132,1
24133,1
24134,0
24135,0
24136,1
24137,1
24138,1
24139,1
24140,0
24141,0
24142,1
24143,1
24144,0
24145,0
24146,0
24147,1
24148,1
24149,0
24150,1
24151,0
24152,0
24153,0
24154,0
24155,1
24156,1
24157,0
24158,1
24159,0
24160,1
24161,1
24162,0
24163,1
24164,1
24165,1
24166,1
24167,1
24168,1
24169,1
24170,0
24171,0
24172,1
24173,1
24174,1
24175,1
24176,1
24177,1
24178,1
24179,1
24180,1
24181,1
24182,1
24183,1
24184,1
24185,1
24186,0
24187,0
24188,0
24189,1
24190,0
24191,1
24192,0
24193,0
24194,0
24195,1
24196,1
24197,1
24198,1
24199,1
24200,0
24201,1
24202,1
24203,1
24204,1
24205,1
24206,1
24207,0
24208,1
24209,0
24210,0
24211,1
24212,1
24213,1
24214,1
24215,0
24216,0
24217,0
24218,1
24219,1
24220,1
24221,1
24222,1
24223,0
24224,1
24225,1
24226,1
24227,1
24228,1
24229,0
24230,0
24231,1
24232,1
24233,1
24234,0
24235,0
24236,0
24237,1
24238,0
24239,1
24240,0
24241,0
24242,0
24243,1
24244,1
24245,1
24246,1
24247,1
24248,1
24249,0
24250,0
24251,0
24252,1
24253,0
24254,1
24255,1
24256,1
24257,0
24258,0
24259,1
24260,1
24261,1
24262,1
24263,1
24264,0
24265,1
24266,1
24267,1
24268,0
24269,1
24270,1
24271,1
24272,0
24273,1
24274,0
24275,1
24276,1
24277,1
24278,1
24279,0
24280,1
24281,1
24282,1
24283,0
24284,0
24285,0
24286,1
24287,0
24288,1
24289,1
24290,0
24291,1
24292,1
24293,1
24294,1
24295,1
24296,1
24297,1
24298,0
24299,0
24300,1
24301,0
24302,1
24303,0
24304,0
24305,0
24306,1
24307,1
24308,1
24309,1
24310,0
24311,1
24312,0
24313,1
24314,0
24315,1
24316,1
24317,1
24318,1
24319,1
24320,0
24321,0
24322,0
24323,1
24324,0
24325,0
24326,1
24327,1
24328,1
24329,0
24330,0
24331,0
24332,0
24333,0
24334,1
24335,1
24336,1
24337,1
24338,1
24339,1
24340,1
24341,0
24342,1
24343,1
24344,0
24345,1
24346,1
24347,0
24348,1
24349,0
24350,0
24351,0
24352,1
24353,1
24354,0
24355,1
24356,1
24357,0
24358,1
24359,1
24360,1
24361,0
24362,1
24363,1
24364,1
24365,1
24366,1
24367,0
24368,1
24369,1
24370,1
24371,1
24372,1
24373,0
24374,0
24375,0
24376,0
24377,0
24378,0
24379,0
24380,1
24381,1
24382,1
24383,1
24384,0
24385,1
24386,1
24387,1
24388,1
24389,1
24390,1
24391,1
24392,1
24393,1
24394,0
24395,1
24396,1
24397,0
24398,1
24399,0
24400,1
24401,0
24402,1
24403,0
24404,0
24405,1
24406,1
24407,1
24408,0
24409,1
24410,1
24411,0
24412,1
24413,0
24414,1
24415,1
24416,0
24417,0
24418,1
24419,1
24420,0
24421,1
24422,1
24423,0
24424,0
24425,1
24426,1
24427,1
24428,0
24429,0
24430,0
24431,0
24432,1
24433,0
24434,0
24435,1
24436,1
24437,1
24438,0
24439,1
24440,1
24441,1
24442,1
24443,1
24444,1
24445,1
24446,0
24447,1
24448,0
24449,1
24450,0
24451,1
24452,1
24453,0
24454,0
24455,1
24456,0
24457,0
24458,1
24459,0
24460,0
24461,1
24462,1
24463,1
24464,1
24465,1
24466,0
24467,0
24468,0
24469,1
24470,0
24471,1
24472,1
24473,1
24474,1
24475,0
24476,1
24477,1
24478,1
24479,1
24480,0
24481,1
24482,1
24483,1
24484,1
24485,1
24486,1
24487,1
24488,1
24489,1
24490,0
24491,1
24492,0
24493,1
24494,1
24495,1
24496,1
24497,0
24498,1
24499,1
24500,0
24501,0
24502,1
24503,1
24504,1
24505,1
24506,1
24507,0
24508,1
24509,0
24510,0
24511,0
24512,0
24513,1
24514,1
24515,1
24516,1
24517,1
24518,1
24519,1
24520,0
24521,1
24522,0
24523,1
24524,0
24525,0
24526,1
24527,0
24528,1
24529,1
24530,0
24531,1
24532,1
24533,1
24534,0
24535,1
24536,0
24537,1
24538,1
24539,1
24540,0
24541,0
24542,1
24543,1
24544,0
24545,1
24546,1
24547,1
24548,0
24549,0
24550,1
24551,1
24552,0
24553,1
24554,1
24555,0
24556,0
24557,1
24558,1
24559,1
24560,0
24561,1
24562,1
24563,1
24564,1
24565,1
24566,0
24567,1
24568,1
24569,1
24570,0
24571,0
24572,0
24573,0
24574,1
24575,1
24576,1
24577,0
24578,1
24579,1
24580,1
24581,1
24582,0
24583,0
24584,1
24585,0
24586,1
24587,1
24588,1
24589,0
24590,0
24591,1
24592,1
24593,0
24594,1
24595,0
24596,1
24597,0
24598,0
24599,1
24600,1
24601,1
24602,1
24603,0
24604,1
24605,1
24606,1
24607,0
24608,1
24609,1
24610,0
24611,0
24612,0
24613,1
24614,1
24615,1
24616,0
24617,1
24618,0
24619,0
24620,1
24621,1
24622,0
24623,1
24624,1
24625,0
24626,0
24627,0
24628,1
24629,1
24630,1
24631,0
24632,1
24633,1
24634,1
24635,1
24636,1
24637,0
24638,1
24639,0
24640,1
24641,0
24642,1
24643,1
24644,1
24645,1
24646,0
24647,1
24648,1
24649,1
24650,1
24651,1
24652,0
24653,0
24654,1
24655,1
24656,1
24657,1
24658,1
24659,0
24660,0
24661,1
24662,0
24663,1
24664,0
24665,1
24666,0
24667,0
24668,0
24669,1
24670,0
24671,0
24672,0
24673,1
24674,1
24675,1
24676,1
24677,0
24678,1
24679,0
24680,1
24681,1
24682,0
24683,1
24684,1
24685,0
24686,1
24687,0
24688,1
24689,0
24690,0
24691,0
24692,1
24693,0
24694,0
24695,0
24696,1
24697,0
24698,1
24699,0
24700,1
24701,1
24702,1
24703,1
24704,1
24705,1
24706,0
24707,0
24708,1
24709,1
24710,1
24711,1
24712,1
24713,0
24714,1
24715,1
24716,1
24717,0
24718,1
24719,0
24720,0
24721,1
24722,0
24723,0
24724,1
24725,1
24726,1
24727,0
24728,1
24729,1
24730,0
24731,0
24732,0
24733,1
24734,1
24735,1
24736,0
24737,1
24738,1
24739,1
24740,1
24741,1
24742,0
24743,1
24744,1
24745,1
24746,1
24747,1
24748,1
24749,1
24750,0
24751,1
24752,1
24753,0
24754,0
24755,1
24756,0
24757,1
24758,1
24759,1
24760,1
24761,0
24762,1
24763,1
24764,1
24765,1
24766,0
24767,1
24768,1
24769,1
24770,1
24771,0
24772,1
24773,1
24774,1
24775,1
24776,1
24777,1
24778,0
24779,0
24780,1
24781,0
24782,1
24783,0
24784,1
24785,0
24786,1
24787,1
24788,0
24789,0
24790,0
24791,0
24792,1
24793,1
24794,1
24795,1
24796,0
24797,1
24798,1
24799,0
24800,1
24801,1
24802,0
24803,1
24804,0
24805,0
24806,1
24807,1
24808,1
24809,1
24810,1
24811,0
24812,0
24813,1
24814,1
24815,0
24816,0
24817,1
24818,0
24819,0
24820,0
24821,0
24822,0
24823,0
24824,0
24825,1
24826,1
24827,1
24828,0
24829,1
24830,1
24831,1
24832,0
24833,0
24834,0
24835,1
24836,0
24837,1
24838,1
24839,0
24840,1
24841,0
24842,0
24843,0
24844,0
24845,0
24846,1
24847,1
24848,1
24849,0
24850,1
24851,0
24852,1
24853,1
24854,1
24855,1
24856,1
24857,1
24858,0
24859,1
24860,0
24861,1
24862,1
24863,1
24864,1
24865,0
24866,1
24867,1
24868,1
24869,1
24870,1
24871,1
24872,1
24873,1
24874,1
24875,0
24876,1
24877,1
24878,1
24879,0
24880,1
24881,0
24882,1
24883,0
24884,1
24885,1
24886,1
24887,1
24888,1
24889,1
24890,1
24891,1
24892,1
24893,0
24894,0
24895,1
24896,1
24897,1
24898,0
24899,1
24900,0
24901,1
24902,0
24903,1
24904,0
24905,1
24906,1
24907,1
24908,0
24909,1
24910,1
24911,1
24912,1
24913,1
24914,1
24915,0
24916,0
24917,1
24918,1
24919,0
24920,0
24921,1
24922,1
24923,1
24924,1
24925,0
24926,1
24927,1
24928,0
24929,1
24930,1
24931,1
24932,1
24933,1
24934,1
24935,0
24936,1
24937,0
24938,1
24939,1
24940,0
24941,1
24942,0
24943,1
24944,1
24945,1
24946,0
24947,1
24948,1
24949,0
24950,1
24951,1
24952,1
24953,1
24954,1
24955,1
24956,1
24957,1
24958,0
24959,0
24960,1
24961,0
24962,0
24963,1
24964,1
24965,0
24966,0
24967,1
24968,1
24969,0
24970,1
24971,1
24972,1
24973,1
24974,0
24975,1
24976,1
24977,0
24978,1
24979,1
24980,0
24981,1
24982,1
24983,0
24984,0
24985,0
24986,1
24987,0
24988,0
24989,0
24990,1
24991,1
24992,0
24993,1
24994,1
24995,0
24996,1
24997,1
24998,0
24999,0
25000,1
